<bundle version="1.0.17" 
	requiredHostVersion="0.9.0"
	id="adito-community-activedirectory"
	name="Adito Active Directory" 
	license="GPL"
	productURL="http://localhost"
	order="50"
	startOnSetupMode="true">
	<description>
		This extension contains a user database that supports Active
		Directory
	</description>

	<install when="start">
		<mkdir>${context:conf.dir}/activedirectory</mkdir>
		<cp toDir="${context:conf.dir}/activedirectory">${bundle:baseDir}/private/conf/krb5.template</cp>
	</install>

	<extension type="plugin"
		extension="adito-community-activedirectory"
		name="Adito Community Active Directory">
		<description>
			This extension adds the 'Active Directory user database'
			feature to Adito.
		</description>

		<plugin name="adito-community-activedirectory"
			class="com.adito.activedirectory.ActiveDirectoryCommunityPlugin">
			<classpath>
				private/adito-community-activedirectory.jar
			</classpath>
			<resources>webapp</resources>
		</plugin>

		<propertyDefinitions>

			<realmProperties>
				<category id="80" bundle="activeDirectory"
					image="categories/active-directory.gif" parent="1030" />
				<category id="81" bundle="activeDirectory" parent="80" />
				<category id="82" bundle="activeDirectory" parent="80" />
				<category id="83" bundle="activeDirectory" parent="80" />				
					
				<!--  Connection -->

				<definition type="0"
					name="activeDirectory.controllerHost" typeMeta="" category="81"
					defaultValue="localhost" sortOrder="10" 
					validation="com.adito.install.validators.ActiveDirectoryBackupHostnameValidator"
					messageResourcesKey="activeDirectory" />					
				<definition type="5"
					name="activeDirectory.backupControllerHosts" typeMeta="30x5"
					category="81" defaultValue="" sortOrder="20"
					validation="com.adito.install.validators.ActiveDirectoryBackupHostnameValidator"
					messageResourcesKey="activeDirectory" />
				<definition type="0" name="activeDirectory.domain"
					typeMeta="" category="81" defaultValue="" sortOrder="30"
					validation="com.adito.input.validators.NonBlankStringValidator" 
					messageResourcesKey="activeDirectory" />
				<definition type="0"
					name="activeDirectory.serviceAccountUsername" typeMeta=""
					category="81" defaultValue="" sortOrder="40" validation=""
					messageResourcesKey="activeDirectory" />
				<definition type="4"
					name="activeDirectory.serviceAccountPassword" typeMeta=""
					category="81" defaultValue="" sortOrder="50" validation=""
					messageResourcesKey="activeDirectory" />
					
				<!--  OU Filtering -->
				
				<definition type="5"
					name="activeDirectory.organizationalUnitFilter" typeMeta="30x5"
					category="82" defaultValue="" sortOrder="10" validation=""
					messageResourcesKey="activeDirectory" />
				<definition type="5"
					name="activeDirectory.excludedOrganizationalUnitFilter" typeMeta="" category="82"
					defaultValue="" sortOrder="20" validation=""
					messageResourcesKey="activeDirectory" />
				<definition type="2"
					name="activeDirectory.includeBuiltInGroups" typeMeta=""
					category="82" defaultValue="true" sortOrder="30" validation=""
					messageResourcesKey="activeDirectory" />
				<definition type="2"
					name="activeDirectory.includeDistributionGroups" typeMeta=""
					category="82" defaultValue="false" sortOrder="40" validation=""
					messageResourcesKey="activeDirectory" />
				<definition type="2"
					name="activeDirectory.includeStandardUsers" typeMeta=""
					category="82" defaultValue="true" sortOrder="50" validation=""
					messageResourcesKey="activeDirectory" />									
					
				<!--  Options -->
				<definition type="3"
					name="activeDirectory.serviceAuthenticationType"
					typeMeta="GSSAPI,simple" category="83" defaultValue="GSSAPI"
					sortOrder="5" validation="com.adito.install.validators.ActiveDirectoryAuthenticationMethodValidator" messageResourcesKey="activeDirectory" />
				<definition type="3"
					name="activeDirectory.userAuthenticationType"
					typeMeta="GSSAPI,simple" category="83" defaultValue="GSSAPI"
					sortOrder="10" validation="" messageResourcesKey="activeDirectory" />
				<definition type="1" name="activeDirectory.kdcTimeout"
					typeMeta="" category="83" defaultValue="30" sortOrder="20"
					validation="com.adito.input.validators.IntegerValidator"
					messageResourcesKey="activeDirectory" />
				<definition type="1" name="activeDirectory.kdcMaxTries"
					typeMeta="" category="83" defaultValue="3" sortOrder="30"
					validation="com.adito.input.validators.IntegerValidator"
					messageResourcesKey="activeDirectory" />
				<definition type="1"
					name="activeDirectory.connection.timeout" typeMeta="" category="83"
					defaultValue="30" sortOrder="40"
					validation="com.adito.input.validators.IntegerValidator"
					messageResourcesKey="activeDirectory" />
				<definition type="2"
					name="activeDirectory.cacheInMemory" typeMeta="" category="83"
					defaultValue="true" sortOrder="50" validation=""
					messageResourcesKey="activeDirectory" />
				<definition type="1"
					name="activeDirectory.cacheUserMaxObjects" typeMeta=""
					category="83" defaultValue="20000" sortOrder="60"
					validation="com.adito.input.validators.IntegerValidator"
					messageResourcesKey="activeDirectory" />
				<definition type="1"
					name="activeDirectory.cacheGroupMaxObjects" typeMeta=""
					category="83" defaultValue="1000" sortOrder="70"
					validation="com.adito.input.validators.IntegerValidator"
					messageResourcesKey="activeDirectory" />
				<definition type="1" name="activeDirectory.userCacheTTL"
					typeMeta="" category="83" defaultValue="30" sortOrder="80"
					validation="com.adito.input.validators.IntegerValidator(minValue=1,maxValue=2147483647)"
					messageResourcesKey="activeDirectory" />
				<definition type="1" name="activeDirectory.pageSize"
					typeMeta="" category="83" defaultValue="500" sortOrder="90"
					validation="com.adito.input.validators.IntegerValidator"
					messageResourcesKey="activeDirectory" />
				<definition type="2"
					name="activeDirectory.memberOfSupported" typeMeta=""
					category="83" defaultValue="true" sortOrder="100" validation=""
					messageResourcesKey="activeDirectory" />
				<definition type="2"
					name="activeDirectory.usernamesAreCaseSensitive" typeMeta=""
					category="83" defaultValue="false" sortOrder="110" validation=""
					messageResourcesKey="activeDirectory" />
				<definition type="2"
					name="activeDirectory.followReferrals" typeMeta=""
					category="83" defaultValue="false" sortOrder="120" validation=""
					messageResourcesKey="activeDirectory" />
			</realmProperties>
		</propertyDefinitions>
	</extension>
</bundle>
