<?xml version="1.0" encoding="UTF-8"?>
<bundle version="1.0.0" requiredHostVersion="0.9.0" id="adito-language-zh-CN-22082008" type="languagePack" name="Chinese" license="GPLv2" productURL="http://sourceforge.net/projects/adito/" startOnSetupMode="true">
  <description />
  <extension type="languagePack" extension="adito-language-zh-CN-22082008-core" name="zh">
    <description>for the core</description>
    <languagePack name="adito-language-zh-CN-22082008">
     <date>1219431167906</date>
      <language code="zh_CN_22082008">Chinese</language>
      <classpath>adito-language-zh-CN-22082008.jar</classpath>
      <classpath>adito-language-zh-CN-22082008-agent.jar</classpath>
    </languagePack>
  </extension>
  <extension type="agent" extension="adito-language-zh-CN-22082008-agent" name="zh">
    <description>for the agent</description>
    <agent name="adito-language-zh-CN-22082008" hostVersion="0.9.0" order="10" plugin="adito-language-zh-CN-22082008-agent">
      <classpath>
        <jar>adito-language-zh-CN-22082008-agent.jar</jar>
      </classpath>
    </agent>
  </extension>
</bundle>

