<bundle version="1.0.5" 
	requiredHostVersion="0.9.0"
	id="unix"
	name="OpenVPN-ALS UNIX" 
	license="GPL"
	productURL="http://localhost"
	order="60"
	startOnSetupMode="true">
	<description>
		This extension contains a user database that supports UNIX.
	</description>

	<extension type="plugin"
		extension="unix"
		name="OpenVPN-ALS Community UNIX">
		<description>
			This extension adds the 'UNIX user database' feature to OpenVPN-ALS.
		</description>

		<plugin name="unix"
			class="net.openvpn.als.community.unix.UNIXCommunityPlugin">
			<classpath>
				private/unix.jar
			</classpath>
			<resources>webapp</resources>
		</plugin>

		<propertyDefinitions>
		</propertyDefinitions>
	</extension>
</bundle>
