<bundle order="100" version="1.0.11" requiredHostVersion="0.9.0"
	id="adito-community-tunnels" name="Adito Tunnels"
	license="GPL" productURL="http://localhost" depends="adito-agent">
	<description>
		This extension adds the 'Tunnels' feature to Adito.
		Tunnels allow an administrator to create secure tunnels.
	</description>
	<extension type="plugin" extension="adito-community-tunnels"
		name="Adito Tunnels">
		<description>
			This extension adds the 'Tunnels' feature to Adito.
			Tunnels allow an administrator to create secure tunnels.
		</description>
		<plugin name="adito-community-tunnels"
			class="com.adito.tunnels.TunnelPlugin">
			<classpath>
				private/adito-community-tunnels.jar
			</classpath>
			<resources>webapp</resources>
		</plugin>
		<propertyDefinitions></propertyDefinitions>
	</extension>
</bundle>
