<?xml version="1.0" encoding="UTF-8"?>
<bundle version="1.0.0" requiredHostVersion="0.9.0" id="adito-language-fr-FR-06102010" type="languagePack" name="Fran&#231;ais" license="GPLv2" productURL="http://sourceforge.net/projects/adito/" startOnSetupMode="true">
  <description />
  <extension type="languagePack" extension="adito-language-fr-FR-06102010-core" name="fr">
    <description>for the core</description>
    <languagePack name="adito-language-fr-FR-06102010">
     <date>1219431167906</date>
      <language code="fr_FR_06102010">Fran&#231;ais</language>
      <classpath>adito-language-fr-FR-06102010.jar</classpath>
      <classpath>adito-language-fr-FR-06102010-agent.jar</classpath>
    </languagePack>
  </extension>
  <extension type="agent" extension="adito-language-fr-FR-06102010-agent" name="fr">
    <description>for the agent</description>
    <agent name="adito-language-fr-FR-06102010" hostVersion="0.9.0" order="10" plugin="adito-language-fr-FR-06102010-agent">
      <classpath>
        <jar>adito-language-fr-FR-06102010-agent.jar</jar>
      </classpath>
    </agent>
  </extension>
</bundle>

